<?xml version="1.0" encoding="UTF-8" standalone="yes"?>
<manifest>
  <control namespace="ReactPopOverNameSpace" constructor="PopOver" version="0.0.2" display-name-key="PopOver" description-key="PopOver description" control-type="virtual" api-version="1.3.16">
    <external-service-usage enabled="false"/>
    <property name="popOverHeading" display-name-key="popOverHeading" description-key="popOverHeadingProperty" of-type="SingleLine.Text" usage="bound" required="true"/>
    <property name="popOverButton" display-name-key="popOverButton" description-key="popOverButtonProperty" of-type="SingleLine.Text" usage="bound" required="true"/>
    <property name="popOverSubHeading" display-name-key="popOverSubHeading" description-key="popOverSubHeadingProperty" of-type="SingleLine.Text" usage="bound" required="true"/>
    <resources>
      <code path="bundle.js" order="1"/>
      <platform-library name="React" version="16.14.0"/>
      <platform-library name="Fluent" version="9.46.2"/>
      <css path="css/PopOver.css" order="1"/>
    </resources>
    <feature-usage/>
    <built-by name="pac" version="1.39.3"/>
  </control>
</manifest>